s clock is not functioning tenderly,s clock is not functioning properly,s clock is not functioning solidly,s clock is not functioning favorably
0,0,0,0
pursue a career,swear a career,reserve a career,draft a career
27400000,10,352000,366000
hike in a native part,hike in a tricky part,hike in a remote part,hike in a vacant part
0,0,8310,0
appoint with the group,eliminate with the group,occupy with the group,identify with the group
2560000,0,3,8450000
it was really relaxing,it was really embarrassing,it was really appealing,it was really defending
2520000,487000,86500,8430
barely had any money left,fairly had any money left,merely had any money left,readily had any money left
10400,0,0,1
disappeared without a guide,disappeared without a trace,disappeared without a code,disappeared without a print
0,801000,1,0
accessed the passing shoppers,edited the passing shoppers,imposed the passing shoppers,urged the passing shoppers
0,0,0,83
create amazing constitutions,create amazing objections,create amazing sculptures,create amazing adventures
0,0,138000,51000
parted and a dip,parted and a beam,parted and a spark,parted and a path
0,71100,7,69700
enclosed some money,installed some money,preserved some money,rewarded some money
3650,14600,5860,7320
signal is,glory is,medal is,profit is
28900000,4550000,1760000,8100000
balanced himself as a security guard,calculated himself as a security guard,disguised himself as a security guard,registered himself as a security guard
0,0,2530,0
be aware of possible dangers,be ashamed of possible dangers,be doubtful of possible dangers,be guilty of possible dangers
59300,0,0,0
amazing powers of innocence,amazing powers of estimation,amazing powers of assurance,amazing powers of observation
0,91,0,34700
accuracy,0.733333333,,
all_ans_acc,0.685873859,,
correct_ans_acc,0.906758228,,
